{
    "_comment": "Each list shows the (i+1) * 10 percentile in the benchmark",
    "slice_localization": {
        "oracle": 0.00015851979,
        "worst_oracle": 87004104.0,
        "runtime": {
            "10": 119.38172,
            "20": 172.74106,
            "30": 225.94629,
            "40": 318.7107,
            "50": 366.13934,
            "60": 520.3956,
            "70": 629.6742,
            "80": 749.91736,
            "90": 1113.1345
        },
        "oracle::runtime": {
            "10": 0.00039310713,
            "20": 0.00023918311,
            "30": 0.0002282101,
            "40": 0.00022060602,
            "50": 0.00020775065,
            "60": 0.00015851979,
            "70": 0.00015851979,
            "80": 0.00015851979,
            "90": 0.00015851979
        },
        "worst_oracle::runtime": {
            "10": 20.300917,
            "20": 185043.33,
            "30": 185043.33,
            "40": 1345364.9,
            "50": 1548349.2,
            "60": 4408821.0,
            "70": 20516276.0,
            "80": 87004104.0,
            "90": 87004104.0
        },
        "n_params": {
            "10": 8401.0,
            "20": 14369.0,
            "30": 20897.0,
            "40": 29601.0,
            "50": 52929.0,
            "60": 65409.0,
            "70": 114049.0,
            "80": 163585.0,
            "90": 229633.0
        },
        "oracle::n_params": {
            "10": 0.0010303777,
            "20": 0.00068457745,
            "30": 0.0005085055,
            "40": 0.00039356912,
            "50": 0.00028238542,
            "60": 0.00027694998,
            "70": 0.00022325739,
            "80": 0.0002108629,
            "90": 0.00018452932
        },
        "worst_oracle::n_params": {
            "10": 15.594776,
            "20": 57.730923,
            "30": 210.26581,
            "40": 335.45486,
            "50": 2816.0266,
            "60": 185043.33,
            "70": 185043.33,
            "80": 2285114.8,
            "90": 20516276.0
        },
        "oracle::runtime,n_params": {
            "10": 0.0010303777,
            "20": 0.0007011305,
            "30": 0.0005495366,
            "40": 0.00044318914,
            "50": 0.00028238542,
            "60": 0.00027694998,
            "70": 0.00022325739,
            "80": 0.0002108629,
            "90": 0.00018452932
        },
        "oracle::n_params,runtime": {
            "10": 0.0010303777,
            "20": 0.0007011305,
            "30": 0.0005495366,
            "40": 0.00044318914,
            "50": 0.00028238542,
            "60": 0.00027694998,
            "70": 0.00022325739,
            "80": 0.0002108629,
            "90": 0.00018452932
        },
        "worst_oracle::runtime,n_params": {
            "10": 2.895427,
            "20": 9.248413,
            "30": 129.45471,
            "40": 151.6657,
            "50": 2816.0266,
            "60": 185043.33,
            "70": 185043.33,
            "80": 2285114.8,
            "90": 20516276.0
        },
        "worst_oracle::n_params,runtime": {
            "10": 2.895427,
            "20": 9.248413,
            "30": 129.45471,
            "40": 151.6657,
            "50": 2816.0266,
            "60": 185043.33,
            "70": 185043.33,
            "80": 2285114.8,
            "90": 20516276.0
        }
    },
    "protein_structure": {
        "oracle": 0.22013874,
        "worst_oracle": 1951.0072,
        "runtime": {
            "10": 84.765564,
            "20": 107.45574,
            "30": 133.55531,
            "40": 171.74098,
            "50": 242.39958,
            "60": 271.45706,
            "70": 357.38483,
            "80": 491.83997,
            "90": 554.36615
        },
        "oracle::runtime": {
            "10": 0.23855518,
            "20": 0.22770247,
            "30": 0.22770247,
            "40": 0.22187339,
            "50": 0.22187339,
            "60": 0.22103722,
            "70": 0.22103722,
            "80": 0.22103722,
            "90": 0.22103722
        },
        "worst_oracle::runtime": {
            "10": 14.538574,
            "20": 33.651543,
            "30": 33.651543,
            "40": 47.22649,
            "50": 91.46232,
            "60": 91.46232,
            "70": 220.09842,
            "80": 423.6893,
            "90": 423.6893
        },
        "n_params": {
            "10": 1313.0,
            "20": 2497.0,
            "30": 4673.0,
            "40": 6689.0,
            "50": 9601.0,
            "60": 17537.0,
            "70": 21569.0,
            "80": 35585.0,
            "90": 70913.0
        },
        "oracle::n_params": {
            "10": 0.29173392,
            "20": 0.26889625,
            "30": 0.25610366,
            "40": 0.2519924,
            "50": 0.2475707,
            "60": 0.24417564,
            "70": 0.23925474,
            "80": 0.23474038,
            "90": 0.22691175
        },
        "worst_oracle::n_params": {
            "10": 5.4372454,
            "20": 16.041313,
            "30": 16.041313,
            "40": 61.143513,
            "50": 230.56813,
            "60": 230.56813,
            "70": 397.224,
            "80": 423.6893,
            "90": 1951.0072
        },
        "oracle::runtime,n_params": {
            "10": 0.29281855,
            "20": 0.26889625,
            "30": 0.2646825,
            "40": 0.25803632,
            "50": 0.25287816,
            "60": 0.24514543,
            "70": 0.24127486,
            "80": 0.23474038,
            "90": 0.22691175
        },
        "oracle::n_params,runtime": {
            "10": 0.29281855,
            "20": 0.26889625,
            "30": 0.2646825,
            "40": 0.25803632,
            "50": 0.25287816,
            "60": 0.24514543,
            "70": 0.24127486,
            "80": 0.23474038,
            "90": 0.22691175
        },
        "worst_oracle::runtime,n_params": {
            "10": 1.0144029,
            "20": 2.3287218,
            "30": 2.7186794,
            "40": 20.49033,
            "50": 49.988747,
            "60": 49.988747,
            "70": 220.09842,
            "80": 423.6893,
            "90": 423.6893
        },
        "worst_oracle::n_params,runtime": {
            "10": 1.0144029,
            "20": 2.3287218,
            "30": 2.7186794,
            "40": 20.49033,
            "50": 49.988747,
            "60": 49.988747,
            "70": 220.09842,
            "80": 423.6893,
            "90": 423.6893
        }
    },
    "naval_propulsion": {
        "oracle": 2.4792556e-05,
        "worst_oracle": 28107.062,
        "runtime": {
            "10": 20.341759,
            "20": 30.7793,
            "30": 36.124397,
            "40": 44.87561,
            "50": 65.19194,
            "60": 72.466225,
            "70": 105.495605,
            "80": 131.67259,
            "90": 150.75806
        },
        "oracle::runtime": {
            "10": 4.221952e-05,
            "20": 4.221952e-05,
            "30": 4.1845335e-05,
            "40": 3.6700643e-05,
            "50": 3.6700643e-05,
            "60": 3.1416643e-05,
            "70": 2.960021e-05,
            "80": 2.960021e-05,
            "90": 2.4792556e-05
        },
        "worst_oracle::runtime": {
            "10": 6.942482,
            "20": 172.0761,
            "30": 172.0761,
            "40": 172.0761,
            "50": 28107.062,
            "60": 28107.062,
            "70": 28107.062,
            "80": 28107.062,
            "90": 28107.062
        },
        "n_params": {
            "10": 1409.0,
            "20": 2689.0,
            "30": 4865.0,
            "40": 8225.0,
            "50": 10369.0,
            "60": 17921.0,
            "70": 24641.0,
            "80": 37121.0,
            "90": 73985.0
        },
        "oracle::n_params": {
            "10": 0.00010232211,
            "20": 5.904566e-05,
            "30": 4.4361208e-05,
            "40": 4.3162912e-05,
            "50": 3.1416643e-05,
            "60": 2.8127035e-05,