{
    "_comment": "Each list shows the (i+1) * 10 percentile in the benchmark",
    "_comment2": "cifar10A,B,C have the same values, but have independent dict for the homogenity",
    "cifar10A": {
        "oracle": 0.04817706346511841,
        "worst_oracle": 0.9057492017745972,
        "runtime": {
            "10": 1049.6503092447917,
            "20": 1189.8059895833333,
            "30": 1304.7076822916667,
            "40": 1420.8177083333333,
            "50": 1560.5186767578125,
            "60": 1820.2117106119792,
            "70": 2292.4613444010415,
            "80": 2778.9169921875,
            "90": 3392.9590657552085
        },
        "oracle::runtime": {
            "10": 0.05699115991592407,
            "20": 0.055689096450805664,
            "30": 0.055488765239715576,
            "40": 0.05518829822540283,
            "50": 0.05328524112701416,
            "60": 0.05098158121109009,
            "70": 0.05098158121109009,
            "80": 0.049779653549194336,
            "90": 0.049679458141326904
        },
        "worst_oracle::runtime": {
            "10": 0.9051482379436493,
            "20": 0.9052483960986137,
            "30": 0.9052483960986137,
            "40": 0.9055488780140877,
            "50": 0.9055488780140877,
            "60": 0.9055488780140877,
            "70": 0.9055488780140877,
            "80": 0.9055488780140877,
            "90": 0.9056490361690521
        },
        "n_params": {
            "10": 1664778,
            "20": 2538506,
            "30": 3468426,
            "40": 3989898,
            "50": 5356682,
            "60": 6230410,
            "70": 8118666,
            "80": 13126538,
            "90": 22421642
        },
        "oracle::n_params": {
            "10": 0.06380206346511841,
            "20": 0.058293282985687256,
            "30": 0.055689096450805664,
            "40": 0.055488765239715576,
            "50": 0.052283644676208496,
            "60": 0.052283644676208496,
            "70": 0.052283644676208496,
            "80": 0.049779653549194336,
            "90": 0.049779653549194336
        },
        "worst_oracle::n_params": {
            "10": 0.9052483960986137,
            "20": 0.9052483960986137,
            "30": 0.9055488780140877,
            "40": 0.9055488780140877,
            "50": 0.9055488780140877,
            "60": 0.9055488780140877,
            "70": 0.9055488780140877,
            "80": 0.9055488780140877,
            "90": 0.9057492017745972
        },
        "oracle::runtime,n_params": {
            "10": 0.06380206346511841,
            "20": 0.058493614196777344,
            "30": 0.055689096450805664,
            "40": 0.055488765239715576,
            "50": 0.05448716878890991,
            "60": 0.05408656597137451,
            "70": 0.05258411169052124,
            "80": 0.049779653549194336,
            "90": 0.049779653549194336
        },
        "oracle::n_params,runtime": {
            "10": 0.06380206346511841,
            "20": 0.058493614196777344,
            "30": 0.055689096450805664,
            "40": 0.055488765239715576,
            "50": 0.05448716878890991,
            "60": 0.05408656597137451,
            "70": 0.05258411169052124,
            "80": 0.049779653549194336,
            "90": 0.049779653549194336
        },
        "worst_oracle::runtime,n_params": {
            "10": 0.9051482379436493,
            "20": 0.9052483960986137,
            "30": 0.9052483960986137,
            "40": 0.9055488780140877,
            "50": 0.9055488780140877,
            "60": 0.9055488780140877,
            "70": 0.9055488780140877,
            "80": 0.9055488780140877,
            "90": 0.9056490361690521
        },
        "worst_oracle::n_params,runtime": {
            "10": 0.9051482379436493,
            "20": 0.9052483960986137,
            "30": 0.9052483960986137,
            "40": 0.9055488780140877,
            "50": 0.9055488780140877,
            "60": 0.9055488780140877,
            "70": 0.9055488780140877,
            "80": 0.9055488780140877,
            "90": 0.9056490361690521
        }
    }
}